{
  "v": "5.7.1",
  "fr": 30,
  "ip": 0,
  "op": 90,
  "w": 500,
  "h": 500,
  "nm": "Dashboard Animation",
  "ddd": 0,
  "assets": [],
  "layers": [
    {
      "ddd": 0,
      "ind": 1,
      "ty": 4,
      "nm": "Dashboard Background",
      "sr": 1,
      "ks": {
        "o": { "a": 0, "k": 100 },
        "r": { "a": 0, "k": 0 },
        "p": { "a": 0, "k": [250, 250] },
        "a": { "a": 0, "k": [0, 0, 0] },
        "s": { "a": 0, "k": [100, 100, 100] }
      },
      "shapes": [
        {
          "ty": "gr",
          "it": [
            {
              "ty": "rc",
              "d": 1,
              "s": { "a": 0, "k": [400, 300] },
              "p": { "a": 0, "k": [0, 0] },
              "r": { "a": 0, "k": 8 }
            },
            {
              "ty": "fl",
              "c": { "a": 0, "k": [0.95, 0.97, 1, 1] }
            },
            {
              "ty": "st",
              "c": { "a": 0, "k": [0.8, 0.85, 0.9, 1] },
              "w": { "a": 0, "k": 2 },
              "lc": 2,
              "lj": 2
            }
          ],
          "nm": "Dashboard Frame"
        }
      ]
    },
    {
      "ddd": 0,
      "ind": 2,
      "ty": 4,
      "nm": "Sidebar",
      "sr": 1,
      "ks": {
        "o": { "a": 0, "k": 100 },
        "r": { "a": 0, "k": 0 },
        "p": { "a": 0, "k": [130, 250] },
        "a": { "a": 0, "k": [0, 0, 0] },
        "s": { "a": 0, "k": [100, 100, 100] }
      },
      "shapes": [
        {
          "ty": "gr",
          "it": [
            {
              "ty": "rc",
              "d": 1,
              "s": { "a": 0, "k": [120, 300] },
              "p": { "a": 0, "k": [0, 0] },
              "r": { "a": 0, "k": 0 }
            },
            {
              "ty": "fl",
              "c": { "a": 0, "k": [0.2, 0.4, 0.8, 1] }
            }
          ],
          "nm": "Sidebar Background"
        },
        {
          "ty": "gr",
          "it": [
            {
              "ty": "rc",
              "d": 1,
              "s": { "a": 0, "k": [80, 10] },
              "p": { "a": 0, "k": [0, -100] },
              "r": { "a": 0, "k": 5 }
            },
            {
              "ty": "fl",
              "c": { "a": 0, "k": [1, 1, 1, 0.7] }
            }
          ],
          "nm": "Menu Item 1"
        },
        {
          "ty": "gr",
          "it": [
            {
              "ty": "rc",
              "d": 1,
              "s": { "a": 0, "k": [80, 10] },
              "p": { "a": 0, "k": [0, -70] },
              "r": { "a": 0, "k": 5 }
            },
            {
              "ty": "fl",
              "c": { "a": 0, "k": [1, 1, 1, 0.7] }
            }
          ],
          "nm": "Menu Item 2"
        },
        {
          "ty": "gr",
          "it": [
            {
              "ty": "rc",
              "d": 1,
              "s": { "a": 0, "k": [80, 10] },
              "p": { "a": 0, "k": [0, -40] },
              "r": { "a": 0, "k": 5 }
            },
            {
              "ty": "fl",
              "c": { "a": 0, "k": [1, 1, 1, 0.7] }
            }
          ],
          "nm": "Menu Item 3"
        },
        {
          "ty": "gr",
          "it": [
            {
              "ty": "rc",
              "d": 1,
              "s": { "a": 0, "k": [80, 10] },
              "p": { "a": 0, "k": [0, -10] },
              "r": { "a": 0, "k": 5 }
            },
            {
              "ty": "fl",
              "c": { "a": 0, "k": [1, 1, 1, 1] }
            }
          ],
          "nm": "Menu Item 4 (Active)"
        }
      ]
    },
    {
      "ddd": 0,
      "ind": 3,
      "ty": 4,
      "nm": "Chart 1",
      "sr": 1,
      "ks": {
        "o": { "a": 0, "k": 100 },
        "r": { "a": 0, "k": 0 },
        "p": { "a": 0, "k": [250, 180] },
        "a": { "a": 0, "k": [0, 0, 0] },
        "s": { "a": 0, "k": [100, 100, 100] }
      },
      "shapes": [
        {
          "ty": "gr",
          "it": [
            {
              "ty": "rc",
              "d": 1,
              "s": { "a": 0, "k": [200, 120] },
              "p": { "a": 0, "k": [0, 0] },
              "r": { "a": 0, "k": 8 }
            },
            {
              "ty": "fl",
              "c": { "a": 0, "k": [1, 1, 1, 1] }
            },
            {
              "ty": "st",
              "c": { "a": 0, "k": [0.8, 0.85, 0.9, 1] },
              "w": { "a": 0, "k": 1 },
              "lc": 2,
              "lj": 2
            }
          ],
          "nm": "Chart Background"
        },
        {
          "ty": "gr",
          "it": [
            {
              "ty": "rc",
              "d": 1,
              "s": { "a": 0, "k": [20, 40] },
              "p": { "a": 0, "k": [-60, 20] },
              "r": { "a": 0, "k": 4 }
            },
            {
              "ty": "fl",
              "c": { "a": 0, "k": [0.2, 0.4, 0.8, 1] }
            }
          ],
          "nm": "Bar 1"
        },
        {
          "ty": "gr",
          "it": [
            {
              "ty": "rc",
              "d": 1,
              "s": { "a": 0, "k": [20, 60] },
              "p": { "a": 0, "k": [-20, 10] },
              "r": { "a": 0, "k": 4 }
            },
            {
              "ty": "fl",
              "c": { "a": 0, "k": [0.2, 0.4, 0.8, 1] }
            }
          ],
          "nm": "Bar 2"
        },
        {
          "ty": "gr",
          "it": [
            {
              "ty": "rc",
              "d": 1,
              "s": { "a": 0, "k": [20, 30] },
              "p": { "a": 0, "k": [20, 25] },
              "r": { "a": 0, "k": 4 }
            },
            {
              "ty": "fl",
              "c": { "a": 0, "k": [0.2, 0.4, 0.8, 1] }
            }
          ],
          "nm": "Bar 3"
        },
        {
          "ty": "gr",
          "it": [
            {
              "ty": "rc",
              "d": 1,
              "s": { "a": 0, "k": [20, 70] },
              "p": { "a": 0, "k": [60, 5] },
              "r": { "a": 0, "k": 4 }
            },
            {
              "ty": "fl",
              "c": { "a": 0, "k": [0.2, 0.4, 0.8, 1] }
            }
          ],
          "nm": "Bar 4"
        }
      ]
    },
    {
      "ddd": 0,
      "ind": 4,
      "ty": 4,
      "nm": "Chart 2",
      "sr": 1,
      "ks": {
        "o": { "a": 0, "k": 100 },
        "r": { "a": 0, "k": 0 },
        "p": { "a": 0, "k": [250, 320] },
        "a": { "a": 0, "k": [0, 0, 0] },
        "s": { "a": 0, "k": [100, 100, 100] }
      },
      "shapes": [
        {
          "ty": "gr",
          "it": [
            {
              "ty": "rc",
              "d": 1,
              "s": { "a": 0, "k": [200, 120] },
              "p": { "a": 0, "k": [0, 0] },
              "r": { "a": 0, "k": 8 }
            },
            {
              "ty": "fl",
              "c": { "a": 0, "k": [1, 1, 1, 1] }
            },
            {
              "ty": "st",
              "c": { "a": 0, "k": [0.8, 0.85, 0.9, 1] },
              "w": { "a": 0, "k": 1 },
              "lc": 2,
              "lj": 2
            }
          ],
          "nm": "Chart Background"
        },
        {
          "ty": "gr",
          "it": [
            {
              "ty": "el",
              "p": { "a": 0, "k": [0, 0] },
              "s": { "a": 0, "k": [80, 80] }
            },
            {
              "ty": "st",
              "c": { "a": 0, "k": [0.8, 0.85, 0.9, 1] },
              "w": { "a": 0, "k": 1 },
              "lc": 2,
              "lj": 2
            }
          ],
          "nm": "Pie Outline"
        },
        {
          "ty": "gr",
          "it": [
            {
              "ty": "sh",
              "ks": {
                "a": 0,
                "k": {
                  "c": true,
                  "v": [[0, 0], [0, -40], [28.28, -28.28]],
                  "i": [[0, 0], [0, 0], [0, 0]],
                  "o": [[0, 0], [0, 0], [0, 0]]
                }
              }
            },
            {
              "ty": "fl",
              "c": { "a": 0, "k": [0.2, 0.8, 0.4, 1] }
            }
          ],
          "nm": "Pie Slice 1"
        },
        {
          "ty": "gr",
          "it": [
            {
              "ty": "sh",
              "ks": {
                "a": 0,
                "k": {
                  "c": true,
                  "v": [[0, 0], [28.28, -28.28], [40, 0]],
                  "i": [[0, 0], [0, 0], [0, 0]],
                  "o": [[0, 0], [0, 0], [0, 0]]
                }
              }
            },
            {
              "ty": "fl",
              "c": { "a": 0, "k": [0.2, 0.4, 0.8, 1] }
            }
          ],
          "nm": "Pie Slice 2"
        },
        {
          "ty": "gr",
          "it": [
            {
              "ty": "sh",
              "ks": {
                "a": 0,
                "k": {
                  "c": true,
                  "v": [[0, 0], [40, 0], [28.28, 28.28]],
                  "i": [[0, 0], [0, 0], [0, 0]],
                  "o": [[0, 0], [0, 0], [0, 0]]
                }
              }
            },
            {
              "ty": "fl",
              "c": { "a": 0, "k": [0.8, 0.4, 0.2, 1] }
            }
          ],
          "nm": "Pie Slice 3"
        },
        {
          "ty": "gr",
          "it": [
            {
              "ty": "sh",
              "ks": {
                "a": 0,
                "k": {
                  "c": true,
                  "v": [[0, 0], [28.28, 28.28], [0, 40], [-28.28, 28.28], [-40, 0], [-28.28, -28.28], [0, -40]],
                  "i": [[0, 0], [0, 0], [0, 0], [0, 0], [0, 0], [0, 0], [0, 0]],
                  "o": [[0, 0], [0, 0], [0, 0], [0, 0], [0, 0], [0, 0], [0, 0]]
                }
              }
            },
            {
              "ty": "fl",
              "c": { "a": 0, "k": [0.8, 0.8, 0.2, 1] }
            }
          ],
          "nm": "Pie Slice 4"
        }
      ]
    },
    {
      "ddd": 0,
      "ind": 5,
      "ty": 4,
      "nm": "Data Points",
      "sr": 1,
      "ks": {
        "o": {
          "a": 1,
          "k": [{ "t": 0, "s": [0], "e": [100] }, { "t": 30, "s": [100] }]
        },
        "r": { "a": 0, "k": 0 },
        "p": { "a": 0, "k": [250, 250] },
        "a": { "a": 0, "k": [0, 0, 0] },
        "s": { "a": 0, "k": [100, 100, 100] }
      },
      "shapes": [
        {
          "ty": "gr",
          "it": [
            {
              "ty": "el",
              "p": {
                "a": 1,
                "k": [
                  { "t": 0, "s": [190, 180], "e": [190, 170] },
                  { "t": 30, "s": [190, 170], "e": [190, 180] },
                  { "t": 60, "s": [190, 180] }
                ]
              },
              "s": { "a": 0, "k": [10, 10] }
            },
            {
              "ty": "fl",
              "c": { "a": 0, "k": [1, 0.5, 0, 1] }
            }
          ],
          "nm": "Data Point 1"
        },
        {
          "ty": "gr",
          "it": [
            {
              "ty": "el",
              "p": {
                "a": 1,
                "k": [
                  { "t": 10, "s": [230, 180], "e": [230, 160] },
                  { "t": 40, "s": [230, 160], "e": [230, 180] },
                  { "t": 70, "s": [230, 180] }
                ]
              },
              "s": { "a": 0, "k": [10, 10] }
            },
            {
              "ty": "fl",
              "c": { "a": 0, "k": [1, 0.5, 0, 1] }
            }
          ],
          "nm": "Data Point 2"
        },
        {
          "ty": "gr",
          "it": [
            {
              "ty": "el",
              "p": {
                "a": 1,
                "k": [
                  { "t": 20, "s": [270, 180], "e": [270, 175] },
                  { "t": 50, "s": [270, 175], "e": [270, 180] },
                  { "t": 80, "s": [270, 180] }
                ]
              },
              "s": { "a": 0, "k": [10, 10] }
            },
            {
              "ty": "fl",
              "c": { "a": 0, "k": [1, 0.5, 0, 1] }
            }
          ],
          "nm": "Data Point 3"
        },
        {
          "ty": "gr",
          "it": [
            {
              "ty": "el",
              "p": {
                "a": 1,
                "k": [
                  { "t": 30, "s": [310, 180], "e": [310, 155] },
                  { "t": 60, "s": [310, 155], "e": [310, 180] },
                  { "t": 90, "s": [310, 180] }
                ]
              },
              "s": { "a": 0, "k": [10, 10] }
            },
            {
              "ty": "fl",
              "c": { "a": 0, "k": [1, 0.5, 0, 1] }
            }
          ],
          "nm": "Data Point 4"
        }
      ]
    }
  ]
}

