{
  "v": "5.7.1",
  "fr": 30,
  "ip": 0,
  "op": 90,
  "w": 500,
  "h": 500,
  "nm": "Invoice Processing Animation",
  "ddd": 0,
  "assets": [],
  "layers": [
    {
      "ddd": 0,
      "ind": 1,
      "ty": 4,
      "nm": "Invoice",
      "sr": 1,
      "ks": {
        "o": { "a": 0, "k": 100 },
        "r": {
          "a": 1,
          "k": [
            { "t": 0, "s": [0], "e": [5] },
            { "t": 15, "s": [5], "e": [-5] },
            { "t": 30, "s": [-5], "e": [5] },
            { "t": 45, "s": [5], "e": [-5] },
            { "t": 60, "s": [-5], "e": [5] },
            { "t": 75, "s": [5], "e": [0] },
            { "t": 90, "s": [0] }
          ]
        },
        "p": {
          "a": 1,
          "k": [
            { "t": 0, "s": [250, 250], "e": [250, 240] },
            { "t": 45, "s": [250, 240], "e": [250, 250] },
            { "t": 90, "s": [250, 250] }
          ]
        },
        "a": { "a": 0, "k": [0, 0, 0] },
        "s": { "a": 0, "k": [100, 100, 100] }
      },
      "shapes": [
        {
          "ty": "gr",
          "it": [
            {
              "ty": "rc",
              "d": 1,
              "s": { "a": 0, "k": [180, 220] },
              "p": { "a": 0, "k": [0, 0] },
              "r": { "a": 0, "k": 8 }
            },
            {
              "ty": "fl",
              "c": { "a": 0, "k": [1, 1, 1, 1] }
            },
            {
              "ty": "st",
              "c": { "a": 0, "k": [0.2, 0.4, 0.8, 1] },
              "w": { "a": 0, "k": 4 },
              "lc": 2,
              "lj": 2
            }
          ],
          "nm": "Invoice Background"
        },
        {
          "ty": "gr",
          "it": [
            {
              "ty": "rc",
              "d": 1,
              "s": { "a": 0, "k": [140, 10] },
              "p": { "a": 0, "k": [0, -80] },
              "r": { "a": 0, "k": 4 }
            },
            {
              "ty": "fl",
              "c": { "a": 0, "k": [0.2, 0.4, 0.8, 1] }
            }
          ],
          "nm": "Header Line"
        },
        {
          "ty": "gr",
          "it": [
            {
              "ty": "rc",
              "d": 1,
              "s": { "a": 0, "k": [140, 8] },
              "p": { "a": 0, "k": [0, -50] },
              "r": { "a": 0, "k": 4 }
            },
            {
              "ty": "fl",
              "c": { "a": 0, "k": [0.8, 0.8, 0.8, 1] }
            }
          ],
          "nm": "Line 1"
        },
        {
          "ty": "gr",
          "it": [
            {
              "ty": "rc",
              "d": 1,
              "s": { "a": 0, "k": [140, 8] },
              "p": { "a": 0, "k": [0, -30] },
              "r": { "a": 0, "k": 4 }
            },
            {
              "ty": "fl",
              "c": { "a": 0, "k": [0.8, 0.8, 0.8, 1] }
            }
          ],
          "nm": "Line 2"
        },
        {
          "ty": "gr",
          "it": [
            {
              "ty": "rc",
              "d": 1,
              "s": { "a": 0, "k": [140, 8] },
              "p": { "a": 0, "k": [0, -10] },
              "r": { "a": 0, "k": 4 }
            },
            {
              "ty": "fl",
              "c": { "a": 0, "k": [0.8, 0.8, 0.8, 1] }
            }
          ],
          "nm": "Line 3"
        },
        {
          "ty": "gr",
          "it": [
            {
              "ty": "rc",
              "d": 1,
              "s": { "a": 0, "k": [140, 8] },
              "p": { "a": 0, "k": [0, 10] },
              "r": { "a": 0, "k": 4 }
            },
            {
              "ty": "fl",
              "c": { "a": 0, "k": [0.8, 0.8, 0.8, 1] }
            }
          ],
          "nm": "Line 4"
        },
        {
          "ty": "gr",
          "it": [
            {
              "ty": "rc",
              "d": 1,
              "s": { "a": 0, "k": [140, 8] },
              "p": { "a": 0, "k": [0, 30] },
              "r": { "a": 0, "k": 4 }
            },
            {
              "ty": "fl",
              "c": { "a": 0, "k": [0.8, 0.8, 0.8, 1] }
            }
          ],
          "nm": "Line 5"
        },
        {
          "ty": "gr",
          "it": [
            {
              "ty": "rc",
              "d": 1,
              "s": { "a": 0, "k": [60, 20] },
              "p": { "a": 0, "k": [0, 70] },
              "r": { "a": 0, "k": 10 }
            },
            {
              "ty": "fl",
              "c": { "a": 0, "k": [0.2, 0.6, 1, 1] }
            }
          ],
          "nm": "Total Box"
        }
      ]
    },
    {
      "ddd": 0,
      "ind": 2,
      "ty": 4,
      "nm": "Checkmark",
      "sr": 1,
      "ks": {
        "o": {
          "a": 1,
          "k": [{ "t": 0, "s": [0], "e": [0] }, { "t": 60, "s": [0], "e": [100] }, { "t": 70, "s": [100] }]
        },
        "r": { "a": 0, "k": 0 },
        "p": { "a": 0, "k": [250, 250] },
        "a": { "a": 0, "k": [0, 0, 0] },
        "s": {
          "a": 1,
          "k": [
            { "t": 60, "s": [0, 0, 100], "e": [120, 120, 100] },
            { "t": 70, "s": [120, 120, 100], "e": [100, 100, 100] },
            { "t": 80, "s": [100, 100, 100] }
          ]
        }
      },
      "shapes": [
        {
          "ty": "gr",
          "it": [
            {
              "ty": "el",
              "p": { "a": 0, "k": [0, 0] },
              "s": { "a": 0, "k": [100, 100] }
            },
            {
              "ty": "fl",
              "c": { "a": 0, "k": [0.2, 0.8, 0.4, 1] }
            }
          ],
          "nm": "Circle"
        },
        {
          "ty": "gr",
          "it": [
            {
              "ty": "sh",
              "ks": {
                "a": 0,
                "k": {
                  "c": false,
                  "v": [[-20, 0], [0, 20], [30, -30]],
                  "i": [[0, 0], [0, 0], [0, 0]],
                  "o": [[0, 0], [0, 0], [0, 0]]
                }
              }
            },
            {
              "ty": "st",
              "c": { "a": 0, "k": [1, 1, 1, 1] },
              "w": { "a": 0, "k": 10 },
              "lc": 2,
              "lj": 2
            }
          ],
          "nm": "Check"
        }
      ]
    }
  ]
}

